Name,Description,Price,Category
Mens Waterproof Jacket,Stay dry and stylish with our Mens Waterproof Jacket. This jacket features a waterproof outer shell and a comfortable inner lining. Perfect for outdoor adventures or everyday wear.,49.99,Winter Jackets
Womens Insulated Parka Coat,Conquer the cold with our Womens Insulated Parka Coat. This coat features a durable outer shell insulated lining and faux fur-lined hood for ultimate warmth and style. Perfect for braving winter weather.,129.99,Winter Jackets
Mens Fleece-Lined Hoodie,Stay warm and comfortable in our Mens Fleece-Lined Hoodie. This hoodie features a soft fleece lining kangaroo pocket and drawstring hood. Perfect for casual outings or lounging at home.,39.99,Fashion Jackets
Womens Quilted Puffer Vest,Add a layer of warmth to your outfit with our Womens Quilted Puffer Vest. This vest features a stylish quilted design zippered pockets and a stand-up collar. Perfect for transitioning between seasons.,334.99,Leather Jackets
Mens Performance Track Jacket,Maximize your workouts with our Mens Performance Track Pants. These pants feature moisture-wicking fabric zippered pockets and adjustable drawstring waist. Perfect for running training or lounging.,44.99,Sports Jackets
Mens Insulated Snow Jacket,Stay warm and dry on the slopes with our Mens Insulated Snow Jacket. These jackets feature waterproof fabric thermal insulation and adjustable for a customized fit. Perfect for skiing or snowboarding.,89.99,Winter Jackets
Womens Down-Filled Vest,Layer up with our Womens Down-Filled Vest. This vest features premium down insulation a water-resistant shell and a sleek design. Perfect for adding warmth without bulk.,59.99,Leather Jackets
Womens Lightweight Running Jacket,Stay visible and comfortable during your runs with our Womens Lightweight Running Jacket. This jacket features reflective details moisture-wicking fabric and zippered pockets. Perfect for morning or evening runs.,49.99,Sports Jackets
Mens Packable Down Jacket,Stay warm on the go with our Mens Packable Down Jacket. This jacket features lightweight down insulation a water-resistant shell and a packable design for easy storage. Perfect for travel or outdoor activities.,69.99,Leather Jackets
Mens Convertible Cargo Jacket,Stay prepared for any adventure with our Mens Convertible Cargo Pants. These pants feature zip-off legs to convert into shorts multiple pockets and adjustable waist. Perfect for hiking camping or travel.,54.99,Sports Jackets
Womens Hooded Rain Jacket,Stay dry in style with our Womens Hooded Rain Jacket. This jacket features waterproof fabric a removable hood and adjustable cuffs. Perfect for rainy days or outdoor activities.,69.99,Winter Jackets
Mens Lightweight Packable Jacket,Carry your essentials with ease in our Mens Lightweight Packable Backpack. This backpack features durable yet lightweight fabric multiple compartments and adjustable straps. Perfect for travel hiking or commuting.,29.99,Fashion Jackets
